steam_appid,website,support_url,support_email
10,,http://steamcommunity.com/app/10,
30,http://www.dayofdefeat.com/,,
50,,https://help.steampowered.com,
70,http://www.half-life.com/,http://steamcommunity.com/app/70,
80,,http://steamcommunity.com/app/80,
130,,https://help.steampowered.com,
220,http://www.half-life2.com,http://steamcommunity.com/app/220,
240,,http://steamcommunity.com/app/240,
300,http://www.dayofdefeat.com/,,
340,http://www.half-life2.com,,
380,http://ep1.half-life2.com/,,
400,http://www.whatistheorangebox.com/,http://steamcommunity.com/app/400,
420,http://www.whatistheorangebox.com/,,
440,http://www.teamfortress.com/,http://steamcommunity.com/app/440,
500,http://www.l4d.com/,http://steamcommunity.com/app/500,
550,http://www.l4d.com,http://steamcommunity.com/app/550,
570,http://www.dota2.com/,http://dev.dota2.com/,
620,http://www.thinkwithportals.com/,http://steamcommunity.com/app/620,
630,http://www.alienswarm.com,,
730,http://blog.counter-strike.net/,,
1002,http://www.ragdollkungfu.com/,,
1200,http://www.redorchestragame.com/,,
1250,http://www.killingfloorthegame.com,http://support.tripwireinteractive.com/,
1500,http://www.darwinia.co.uk/,,
1510,http://www.uplink.co.uk/,,
1520,http://www.everybody-dies.com/,http://support.introversion.co.uk/,
1530,http://www.introversion.co.uk/multiwinia/,,
1600,http://www.scs-dangerouswaters.com/,http://strategyfirst.com/products/support.html,
1630,http://www.disciples2.com/D2/elves/,,
1640,http://www.disciples2.com/D2/elves/,,
1690,,http://strategyfirst.com/products/support.html,
1700,http://www.arxfatalis-online.com/index_eng.php,,
1840,http://www.sourcefilmmaker.com/,,
1900,http://www.earth2160.com,http://www.earth2160.com,support@topware.com
1930,http://www.2-worlds.com/,http://www.2-worlds.com/confirm.php,support@topware.com
2100,http://www.darkmessiahmightandmagic.com,,
2210,http://www.idsoftware.com/games/quake/quake4/,,Tech04@bethsoft.com
2310,,http://support.bethsoft.com/,
2400,http://www.blazinggriffin.com/games/the-ship-murder-party/,http://www.blazinggriffin.com/,support@blazinggriffin.com
2500,http://www.shadowgroundsgame.com/,,
2520,http://www.gumboycrazyadventures.com/,,
2590,http://www.alpha-prime.com/,http://www.meridian4.com/support,support@bohemia.net
2600,http://www.vampirebloodlines.com,http://support.activision.com/,
2620,http://www.callofduty.com/,http://support.activision.com/,
2630,http://www.callofduty.com/,https://support.activision.com/,
2640,http://www.callofduty.com/,http://support.activision.com/,
2710,,,support@quanticlab.com
2720,http://www.Hyperbol.com,http://www.hyperbol.com,
2780,http://www.armedassault.com,,support@bohemia.net
2800,http://www.egosoft.com/games/x2/info_en.php,http://www.egosoft.com/support/faq/index_en.php,
2810,http://www.egosoft.com/games/x3/info_en.php,,
2820,http://www.egosoft.com/games/x3tc/info_en.php,,info@egosoft.com
2840,http://www.egosoft.com/games/x/info_en.php,,
2850,http://www.egosoft.com/games/x_tension/info_en.php,,
2870,http://www.egosoft.com/games/x_rebirth/info_en.php,http://www.egosoft.com/support/index_en.php,info@egosoft.com
2900,,http://strategyfirst.com/products/support.html,
2910,,http://strategyfirst.com/products/support.html,
3010,http://www.xpandrally.com,,
3020,http://callofjuarez.com/,,
3050,http://www.xpandrally.com/xrx/,,
3130,http://www.menofwargame.com,www.1cpublishing.eu,support@1cpublishing.eu
3170,http://www.kingsbountygame.com/,,support@1cpublishing.eu
3230,http://www.GenesisRisingGame.com,,
3260,,https://handy-games.com/contact/,support@handy-games.com
3270,http://www.painkilleroverdose.com,,support@quanticlab.com
3510,http://amazingadventuresgame.com/,,
3580,http://www.popcap.com/games/wizardspen,,
3590,,http://support.popcap.com/,
3700,,,support@rebellion.co.uk
3710,http://www.rebellion.co.uk/,,
3720,http://www.rebellion.co.uk/games/evil-genius,,
3730,http://www.rebellion.co.uk/,,support@rebellion.co.uk
3800,http://www.adventtrilogy.com/,http://www.majescoent.com/content/support,
3810,http://www.bloodrayne.com,http://www.majescoent.com/content/support,
3820,http://www.bloodrayne2.com/,http://www.majescoent.com/content/support,
3830,http://www.psychonauts.com/,http://www.doublefine.com/forums/viewthread/7090/,
3900,http://www.2kgames.com/civ4/home.htm,http://support.2kgames.com/,
3910,http://www.civ3.com/,http://support.2kgames.com/,
3920,http://www.2kgames.com/pirates/pirates/home.php,,
3960,http://www.2kgames.com/shatteredunion/,support.2k.com,
3980,http://www.2kgames.com/civcityrome/civcity.html,http://support.2k.com/forums/382570-CivCity-Rome,
3990,http://www.2kgames.com/civ4/warlords/warlords.html,,
4000,http://gmod.facepunch.com,http://support.facepunchstudios.com/,
4230,http://www.race-game.org/,,work@simbin.com
4290,http://www.race-game.org/,,
4300,http://www.roboblitz.com/,,
4500,http://www.stalker-game.com/,http://www.stalker-game.com/en/?page=support,support@gsc-game.com
4520,,,support@quanticlab.com
4530,,,support@quanticlab.com
4560,http://www.companyofheroesgame.com/,http://www.sega.com/support,
4570,http://www.dawnofwar.com,https://support.sega.co.uk,
4580,http://www.dawnofwar.com,https://support.sega.co.uk,
4700,http://www.totalwar.com,https://support.sega.co.uk,
4720,,https://support.sega.co.uk,
4760,http://www.totalwar.com/,https://support.sega.co.uk,
4770,http://www.totalwar.com,https://support.sega.co.uk,
4780,http://www.totalwar.com/,https://help.sega.com/,
4800,http://www.heroesofae.com/,,
4850,http://www.gsc-game.com/,,
4870,http://gsc-game.com/,,
4880,http://gsc-game.com/,,
4890,http://gsc-game.com/,,support@gsc-game.com
4900,https://unknownworlds.com/games/,,
4920,http://www.naturalselection2.com,http://unknownworlds.com/ns2/community/,
6000,http://www.lucasarts.com/,http://help.disney.com/en_US/Star-Wars/Steam,
6010,http://www.lucasarts.com/,https://help.disney.com/en_US/Games/steam,
6020,http://www.lucasarts.com,http://help.disney.com/en_US/Star-Wars/Steam,
6030,http://www.lucasarts.com,http://www.lucasarts.com/support/,
6040,http://www.lucasarts.com/,,
6060,http://www.swbattlefront2.com,http://help.starwars.com/,
6080,http://www.lucasarts.com/games/thrillvilleofftherails/,,
6090,http://www.lucasarts.com/,https://help.disney.com/en_US/Games/steam,
6120,http://www.shankgame.com,http://forums.kleientertainment.com/forum.php,support@kleientertainment.com
6200,,http://strategyfirst.com/products/support.html,
6210,http://drstudios.co.uk/games/vegas-make-it-big/,,
6250,http://www.making-history.com/,,
6270,http://www.artematica.com/index.php?lang=en&sezione=gamesdetails&idGame=3,,
6300,http://www.dreamfall.com/,,
6310,http://www.longestjourney.com,,
6370,http://www.bloodlinechampions.com,http://bloodlinechampions.com/support/,support@stunlockstudios.com
6400,http://www.jointtaskforce.com/,,
6420,,,support@quanticlab.com
6510,http://www.lostplanet-thegame.com,,
6550,http://www.devilmaycry.com/dmc3/main.html,,
6840,http://www.commandosgame.com/,,
6850,http://www.hitman.com,http://steamcommunity.com/app/6850/discussions/,
6860,http://www.hitman.com/,http://steamcommunity.com/app/6860/discussions/,
6870,http://www.battlestations.net/,,
6880,http://www.eidosinteractive.co.uk/gss/justcause/,https://support.eu.square-enix.com/contact.php?id=2149&amp;la=2,
6900,http://www.hitman.com,http://steamcommunity.com/app/6900/discussions/,
6910,,http://sqex.to/steamsupport,
6920,http://www.eidos.co.uk/gss/dxiw/,,
6980,http://www.eidos.co.uk/gss/thief_ds/,http://support.eu.square-enix.com/main.php?la=2&amp;id=2182,
7000,http://www.tombraider.com/legend/,,
7010,http://www.projectsnowblind.com/,,
7020,http://www.rebellion.co.uk/games/rogue-trooper,,support@rebellion.co.uk
7110,http://www.bioware.com/en/games/#previous-games,,
7200,http://www.tm-united.com/,https://support.ubi.com/en-US/,
7210,http://www.runaway-thegame.com/,,
7220,http://www.runaway-thegame.com/,,
7340,http://www.bigfishgames.com/download-games/1689/azada/index.html,,
7510,http://www.x-blades.com/,http://www.topware.com/us/x-blades.html,support@topware.com
7520,http://www.twoworlds2.com,http://www.topware.com,support@topware.com
7530,http://www.twoworlds2.com/cd/about-en.html,http://www.twoworlds2.com/cd/,support@topware.com
7600,http://www.2kgames.com/railroads/railroads.html,,
7610,,http://support.2k.com/home,
7660,,http://support.2k.com/hc/en-us/requests/new,
7760,,http://support.2k.com/home,
7830,http://www.menofwargame.com,http://www.1cpublishing.eu/support,support@1cpublishing.eu
7840,http://www.1cpublishing.eu/game/death-track-resurrection,http://www.1cpublishing.eu/support,support@1cpublishing.eu
7860,http://www.1cpublishing.eu/game/necrovision,http://www.1cpublishing.eu/support,support@1cpublishing.eu
7940,http://www.charlieoscardelta.com/,http://support.activision.com/,
8000,http://www.tombraider.com/anniversary/,,
8080,http://www.kaneandlynch.com,,
8100,http://www.conflictdeniedops.com/,,
8140,http://www.tombraider.com,,
8170,http://www.battlestations.net,http://support.eu.square-enix.com/main.php?la=2&amp;id=2106,
8190,http://www.justcause.com/,http://support.eu.square-enix.com/main.php?la=2&amp;id=2150,
8330,,http://www.telltalegames.com/community/categories/game-support,
8340,http://www.telltalegames.com/strongbad,,
8400,http://www.bizarrecreations.com/gwre.php,http://support.activision.com/?uil=en_US,
8500,http://www.eveonline.com,http://support.eveonline.com,support@eveonline.com
8600,http://www.race-game.org/race07/index.htm,,work@simbin.com
8790,http://www.simbin.com/games/gtr2/,http://www.simbin.com/support/,
8800,http://www.2kgames.com/civ4/beyondthesword/,,
8870,http://www.bioshockinfinite.com/,http://support.2k.com/home,
8930,http://www.civilization.com,http://www.2kgames.com/civ5/support/,
8970,http://www.axelandpixel.com/,,
9010,,,support@bethsoft.com
9050,http://www.doom3.com/,,
9200,http://rage.com/gate/,http://support.bethsoft.com/,
9310,http://www.dawnofwar.com,https://support.sega.co.uk/,
9340,http://www.companyofheroesgame.com/,https://support.sega.co.uk,
9350,http://www.supremecommander.com/,http://www.nordicgames.at/index.php/contact,
9420,,http://sqex.to/steamsupport,
9450,http://www.dawnofwar.com,https://support.sega.co.uk/,
9460,http://www.frontlines.com/,http://support.thq.com/home,
9480,http://www.saintsrow.com/,helpcenter.deepsilver.com,
9500,http://www.crypticsea.com/gish,,
9710,,http://support.atari.com/,
9760,,,support@quanticlab.com
9800,,www.1cpublishing.eu,support@1cpublishing.eu
9850,http://www.codenamepanzers.com,,support@quanticlab.com
9880,http://www.arcgames.com/en/games/champions-online,http://support.arcgames.com/,
9900,http://www.startrekonline.com,https://support.arcgames.com/,
9940,http://www.bladekitten.com,http://www.bladekitten.com/support.html,support@kromestudios.com
9960,http://www.AtariHauntedHouse.com,http://support.atari.com/index.php?/Tickets/Submit,
9970,http://www.atari.com/starraiders,,
9980,http://www.retroism.com,,
10090,http://www.callofduty.com,http://support.activision.com/,
10100,,http://support.activision.com/,
10110,,http://support.activision.com/,
10130,,http://support.activision.com/,
10140,,http://support.activision.com/,
10150,http://www.prototypegame.com,http://support.activision.com/,
10180,https://www.callofduty.com/,http://support.activision.com/,
10220,http://www.postal3.com,,support@akella.com
10230,http://hotel.akella.com/,support@akella.com,
10240,http://astrokeoffate.akella.com/,,support@akella.com
10250,http://pt-boats.akella.com/,,
10260,http://en.akella.com/Game.aspx?id=48,,
10270,,http://www.kalypsomedia.com/,support@kalypsomedia.com
10460,http://www.theclubgame.com,https://support.sega.co.uk,
10500,http://www.totalwar.com,https://support.sega.co.uk,
10680,http://www.sega.com/avp,https://support.sega.co.uk,
11020,http://www.trackmania.com,,
11040,http://frogwares.com/,http://frogwares.com/support/,support@frogwares.com
11050,http://frogwares.com/,http://frogwares.com/support/,support@frogwares.com
11130,http://frogwares.com/,http://frogwares.com/support/,support@frogwares.com
11140,http://frogwares.com/,http://frogwares.com/support/,support@frogwares.com
11150,http://frogwares.com/,http://frogwares.com/support/,support@frogwares.com
11190,http://frogwares.com/,http://frogwares.com/support/,support@frogwares.com
11200,http://www.shadowgroundssurvivor.com/,,
11230,http://www.gumboytournament.com/,http://feedback.cinemax.cz/?email=Gumboy,
11240,http://www.meridian4.com,,
11280,http://www.frogames.com/penguins_arena/,http://www.frogames.com,contact@frogames.com
11340,http://www.meridian4.com,,
11360,http://www.2dengine.com/chains/,,
11450,http://www.codemasters.com/overlord,,custservice@codemasters.com
11480,http://www.1cpublishing.eu/game/soldiers,http://www.1cpublishing.eu/support,support@1cpublishing.eu
11560,http://www.codemasters.com/maelstrom,,
11590,http://www.codemasters.com/hospitaltycoon/,,custservice@codemasters.com
12100,http://www.rockstargames.com/grandtheftauto3,http://support.rockstargames.com/,
12110,http://www.rockstargames.com/grandtheftautovicecity,http://support.rockstargames.com/,
12120,http://www.rockstargames.com/sanandreas/pc,http://support.rockstargames.com/,
12130,http://www.rockstargames.com/manhunt,http://support.rockstargames.com/hc/en-us,
12140,http://www.rockstargames.com/maxpayne/,http://www.rockstargames.com/maxpayne/,
12150,http://www.rockstargames.com/maxpayne2/,,
12170,http://www.rockstargames.com/classics/gta.html,http://support.rockstargames.com/,
12180,http://www.rockstargames.com/classics/index.html,,
12200,http://www.rockstargames.com/bully,http://support.rockstargames.com/hc/en-us,
12210,http://www.rockstargames.com/iv,http://www.rockstargames.com/support/index.php,
12220,http://www.rockstargames.com/episodesfromlibertycity,http://www.rockstargames.com/support/index.php,
12310,http://www.culpainnata.com,,
12320,,http://www.strategyfirst.com/,support@strategyfirst.com
12330,http://darkstar-one.cdvus.com/,http://strategyfirst.com/products/support.html,
12340,http://www.strategyfirst.com/games/1432-jack-keane.html,,
12360,,http://strategyfirst.com/products/support.html,
1620,http://www.jaggedalliance2.com/,,
12390,http://www.exodus-game.com,,
12420,http://perimeter2.kdlab.com/eng/index.php,,
12430,http://www.slamitpinball.com/home.htm,,
12440,http://www.ankh-game.com/,,
12450,http://www.ankh-game.com/,,
12460,http://www.mascot.hu/,,
12470,http://www.ascaron.com/gb/portroyale2/index.html,http://strategyfirst.com/products/support.html,
12480,http://www.strategyfirst.com/en/games/9thCompany/,http://strategyfirst.com/products/support.html,
12510,,http://www.valusoftsupport.com/Results.asp?search=full&amp;show=titles&amp;results=20&amp;submit=prod&amp;pid=499,
12520,https://playhardgames.net/,http://playhardgames.net/contact/,support@playhardgames.net
12590,http://www.sprintcarsthegame.com/,,
12640,http://www.drakensang.com,,support@dtp-entertainment.com
12710,http://www.codemasters.com/overlord,,
12770,http://www.rise-of-the-argonauts.com/,,
12790,http://www.codemasters.com/playdamnation,,
12830,http://www.flashpointgame.com,,
13000,http://www.nunchuckgames.com/ninjareflex/,,ninjasupport@sanzaru.com
13140,http://www.americasarmy.com,http://www.americasarmy.com/contact,
13200,http://www.unrealtournament3.com,,
13210,http://www.unrealtournament3.com,,ut3support@epicgames.com
13230,http://www.ut2004.com/ut2004/index.html,,
13240,http://www.ut2004.com/utgoty/index.html,,
13500,http://www.princeofpersiagame.com/uk/ww/home.php,,
13520,http://www.farcrygame.com/,https://support.ubi.com/en-US/,
13530,http://www.princeofpersiagame.com,,
13540,http://rainbowsixgame.uk.ubi.com/vegas/,,
13560,http://splintercell.us.ubi.com/,https://support.ubi.com/en-US/,
13570,http://splintercell.us.ubi.com/,,
13580,http://splintercell.us.ubi.com/,,
13620,http://www.ghostrecon.com/us/product_grds.php,,
15080,http://raymanzone.us.ubi.com/ravingrabbids/index.html,,
15100,http://www.assassinscreed.com,https://support.ubi.com/,
15120,http://rainbowsixgame.us.ubi.com/home.php,,
15130,http://beyondgoodevil.com,,
15160,http://www.petz.com,,
15170,,https://support.ubi.com/en-us/Games/1899,
15190,http://www.brothersinarmsgame.com/us/roadtohill30/index.php,,
15200,http://silenthunter4.uk.ubi.com/,,
15300,http://ghostrecon.us.ubi.com/,,
15320,,http://www.1cpublishing.com/support,
15390,http://www.brothersinarmsgame.com,,
15400,http://www.oxeyegames.com/harvest,,
15500,http://www.dejobaan.com/wonderful,,
15520,http://www.dejobaan.com/aaaaa/index.htm,,support@dejobaan.com
15560,http://www.dejobaan.com/awesome,,support@dejobaan.com
15620,http://www.dawnofwar.com/,http://www.sega.com/support,
15700,http://www.oddworld.com/?p=68,http://support.oddworld.com/,
15710,http://www.oddworld.com/?p=79,,
15740,http://www.oddworld.com/,,
15750,http://www.oddworld.com,,
15800,http://www.slam-games.com/planetbusters/,,
16030,http://mumbojumbo.com/game/game/118,,
16060,,https://iwinaffiliates.zendesk.com/hc/en-us/requests/new?ticket_form_id=129165,
16100,http://www.VirtualVillagers.com,,
16110,http://www.VirtualVillagers.com,,
16120,http://www.PlantTycoon.com,,
16130,http://www.FishTycoon.com,,
16180,http://www.virtualvillagers.com/,,
16200,http://www.VirtualFamilies.com,,
16450,http://www.whatisfear.com,,
16500,http://www.blurredvision.de/chaostheory,http://www.blurredvision.de/index.php?hid=2&amp;id=35&amp;lang=en,
16600,http://www.redlynxtrials.com,,
16620,http://www.monstertrucksnitro.com,,
16710,http://www.insecticidethegame.com/,,
16720,http://www.playvelvetassassin.com,http://playvelvetassassin.com/support/,
16730,http://www.legendarythegame.com/,,support@digitaltribegames.com
16810,,support.2k.com,
16900,https://www.groundbranch.com,https://www.blackfootstudios.com/forums,contact@blackfootstudios.com
17080,http://www.tribesascend.com,https://account.hirezstudios.com/support/default.aspx,tribessupport@hirezstudios.com
17100,http://www.immortalcities.com/cotn/,,
17120,http://www.immortalcities.com/cotn/alexandria/,,
17140,http://www.tiltedmill.com/hinterland/,http://tiltedmill.com/hinterland/support.php,
17180,http://www.tiltedmill.com/mosbys_confederacy/ ,,
17300,http://www.ea.com/crysis,https://help.ea.com/,
17330,http://crysiswarhead.ea.com/,,
17390,http://www.spore.com/,https://help.ea.com/,
17410,http://www.mirrorsedge.com/,https://help.ea.com/,
17430,http://undercover.needforspeed.com/home.action,http://help.ea.com/,
17440,http://www.spore.com/,,
17450,http://dragonage.bioware.com/,https://help.ea.com/,
17460,http://masseffect.bioware.com/,https://help.ea.com/,
17470,http://deadspace.ea.com/agegate.aspx?returnURL=/Default.aspx,https://help.ea.com/,
17480,http://www.ea.com/redalert/main.jsp,,
17500,https://zombiepanicsource.com,https://forum.zombiepanicsource.com/,support@zombiepanicsource.com
17570,http://www.octosharkstudios.com/pvkii,http://forums.pvkii.com,admin@forums.pvkii.com
17710,http://www.gameconnect.net/projects,http://www.gameconnect.net,
17740,http://www.empiresmod.com/,https://forums.empiresmod.com/index.php?forums/support.34/,tama@empiresmod.com
18000,http://www.rainslick.com,,
18020,http://www.hotheadgames.com/pa.php,,
18040,http://www.deathspank.com/,https://help.ea.com/,
18050,http://www.deathspank.com/,,
18070,http://www.TheBaconing.com,,support@hotheadgames.com
18120,http://www.futuremark.com/,,
18300,http://shoreboundstudios.com/spectraball/,,contact@shoreboundstudios.com
18400,http://www.crazymachinesgame.com,www.support.encore.com,
18420,http://www.crazy-machines.com/,,
18470,http://www.helldorado.spellbound.de/,,mail@viva-media.com
18500,http://defensegrid.hiddenpath.com/,http://www.hiddenpath.com/forum/forum/hidden-path-forums/defense-grid-technical-support,
18600,http://www.inventivedingo.com/mayhemig,,
18700,http://www.andyetitmoves.net/,,
19000,http://online.konamimobile.com/KDEOnline/SilentHill_Widget/index.html,https://us.konami.com/support/,
19020,http://konami.com/games/puzzle-chronicles/,https://us.konami.com/support/,
19030,http://www.konami.com/rocketknight,https://us.konami.com/support/,
19080,www.konami.com/biozone,https://us.konami.com/support/,
19200,http://www.tankuniversal.com/,,support@meridian4.com
19320,http://www.spacearkgame.com/,,
19900,http://farcry.us.ubi.com,https://support.ubi.com/en-US/,
19980,http://www.princeofpersiagame.com,,
20200,http://www.galacticbowling.net,,
20510,http://www.stalker-game.com/,http://gsc-game.com/,support@gsc-game.com
20530,http://www.redfaction.com,,support@quanticlab.com
20540,http://www.companyofheroesgame.com,https://support.sega.co.uk,
20550,http://www.redfaction.com,,support@quanticlab.com
20570,http://www.dawnofwar.com,https://support.sega.co.uk,
20700,http://www.moonpod.com/starscape,,mark@moonpod.com
20710,http://www.moonpod.com/mrrobot,,mark@moonpod.com
20820,http://www.shattergame.com,,support@sidhe.co.nz
20900,http://www.thewitcher.com,http://en.cdprojektred.com/support/,
20920,http://www.thewitcher.com,http://en.cdprojektred.com/support/?support-product=the-witcher-2,
21000,http://www.legobatmangame.com/,,support@wbgames.com
21010,http://www.watchmenvideogame.com,,
21030,http://www.watchmenvideogame.com,,
21090,https://wbgamessupport.wbgames.com/hc/en-us,https://wbgamessupport.wbgames.com/hc/en-us/requests/new,
21100,http://www.whatisfear.com/,,support@wbgames.com
21130,http://www.magicisbuilding.com,,
21300,http://xout.blackened-interactive.com/Gravitron2.html ,,
21400,http://www.gamesfaction.com/project-aftermath,,
21500,http://www.pyroblazer.com,,
21640,,http://www.capcom.co.jp/support/contact/,
21660,http://www.streetfighter.com,,
21670,http://www.bioniccommando.com,http://www.capcom.co.jp/support/contact/,
21680,http://www.bioniccommando.com,http://www.capcom.co.jp/support/contact/,
21690,http://www.residentevil.com/5/,http://www.capcom.co.jp/support/contact/,
21800,http://endwargame.us.ubi.com/,,
21980,http://www.callofjuarez.com,,
22000,http://2dboy.com/games.php,,support@2dboy.com
22100,http://www.taleworlds.com/en/Games/MountAndBlade,,
22120,http://www.penumbragame.com/,http://support.frictionalgames.com/,
22180,http://www.penumbragame.com,http://support.frictionalgames.com,
22200,http://www.zenoclash.com,,support@aceteam.cl
22230,http://www.atlus.com/rockofages,,service@atlus.com
22300,http://fallout.bethsoft.com,http://support.bethsoft.com,
22310,http://www.roguewarrior.com/,http://support.bethsoft.com/form.php?l=en,
22320,http://www.elderscrolls.com,http://support.bethsoft.com/form.php?l=en,
22330,http://www.elderscrolls.com,http://support.bethsoft.com/form.php?l=en,
22350,http://brinkthegame.com/,http://support.bethsoft.com/form.php,
22370,,http://support.bethsoft.com,
22380,http://fallout.bethsoft.com,http://support.bethsoft.com/,
22450,http://Huntedthegame.com,http://support.bethsoft.com/,
22500,http://spectromancer.com,,support@spectromancer.com
22600,http://www.facebook.com/WormsTeam17,,
22610,http://www.team17.com,,
22650,http://www.team17.com/,,
22670,http://www.team17.com/,,
23150,http://www.fluttabyes.com,http://redchaingames.com/,contact@redchaingames.com
23400,http://www.imperium-game.com,,
23420,http://www.paradoxplaza.com/rome/?p=game_info,,
23450,http://www.grandages.com/,http://www.grandages.com/en/ir_support.php,
23460,,,support@assemble-entertainment.com
23490,http://www.worldoftropico.com,http://www.kalypsomedia.com/,support@kalypsomedia.com
23500,http://www.puzzle-quest.com,,
23530,http://www.edfia.com,https://d3go.com/support/,support@d3p.us
23600,http://www.soldak.com/Depths-of-Peril/Overview.html,,
23700,http://www.infinite-interactive.com/kingdoms.php,,
24010,http://www.train-simulator.com,http://dovetailgames.kayako.com,
24200,http://www.dcuniverseonline.com/,https://help.daybreakgames.com/,
24240,http://www.overkillsoftware.com/,http://forums.steampowered.com/forums/forumdisplay.php?f=1225,
24400,http://www.kingarthurthewargame.com,,
24410,http://www.neocoregames.com,,
24420,http://bit-blot.com/aquaria,http://www.bit-blot.com/aquaria/faq.html#CONTACT,
24460,http://www.kingarthurthewargame.com/,,
24480,http://www.kingarthurii.com,,
24640,http://www.caboncity.com,,
24650,http://www.settleandcarlisle.com,,
24670,http://www.trainzportal.com/product_ts12.php,http://www.trainzportal.com,
24720,http://www.spore.com/what/ga,,
24740,http://www.criteriongames.com/intro.php,https://help.ea.com/,
24780,http://www.simcity.com/product/simcity4,https://help.ea.com/,
24790,http://www.commandandconquer.com/,,
24810,http://www.commandandconquer.com/,https://help.ea.com/,
24840,http://games.ea.com/moh/airborne/,,
24870,http://shift.needforspeed.com/home.action,https://help.ea.com/,
24960,http://battlefieldbadcompany2.com,https://help.ea.com/,
24980,http://masseffect.bioware.com/,https://help.ea.com/,
25000,http://www.wolfire.com/overgrowth,,contact@wolfire.com
25010,http://www.wolfire.com/,,
25500,http://www.cricketrevolution.com,,
25600,http://basiliskgames.com/eschalon-book-i,http://basiliskgames.com/forums/,info@basiliskgames.com
25620,http://basiliskgames.com/eschalon-book-ii,http://basiliskgames.com/forums/,support@basiliskgames.com
25700,http://www.baboinvasion.com,,
25800,http://www.europauniversalis3.com/,www.paradoxplaza.com/support,https://www.paradoxplaza.com/support
25830,,http://www.paradoxplaza.com/support,
25850,http://www.1cpublishing.eu/game/elven-legacy/overview,,support@1cpublishing.eu
25890,http://www.paradoxplaza.com/games/hearts-of-iron-iii,http://www.paradoxplaza.com/support,
25900,http://www.kingsbountygame.com,www.1cpublishing.eu,support@1cpublishing.eu
25910,http://www.battlegoat.com/supreme_2020.php,http://www.bgforums.com,support@battlegoat.com
25930,http://www.eic-game.com/,http://nitrogames.com/,support@nitrogames.com
25980,http://www.majesty2.com,,
25990,http://www.paradoxplaza.com/games/majesty-gold,,
26000,http://www.WhatIsTheMaw.com,,
26300,http://www.paleoent.com,,
26800,http://braid-game.com,,support_steam@thekla.com
26900,http://www.crayonphysics.com/,http://www.crayonphysics.com/about.php,crayonphysics@gmail.com
27000,http://Tale-of-Tales.com/ThePath,,
27020,http://www.tale-of-tales.com/TheGraveyard/,http://tale-of-tales.com,
27050,http://tale-of-tales.com/Fatale,,
27200,http://www.summerathletics.com,,
27330,http://www.playtangodown.com,,support@ignitionusa.com
27400,http://www.mousechief.com/dhsg/index.html,,
27800,http://www.llamasoft.co.uk/games/space-giraffe,,
27810,http://llamasoft.co.uk/grintro2.php ,,
27920,http://www.BoosterTrooper.com,,
27940,http://www.deadhorde.com,http://www.dns-development.com/forum,
28000,http://www.KaneandLynch.com,,
29160,http://www.eriksvedang.com/blueberrygarden,,
29180,http://www.hemispheregames.com/osmos,,
29800,http://www.casterthegame.com,,mike@elecorn.com
29900,http://www.darksector.com/,http://www.d3publisher.us/Support.asp,
31270,http://www.puzzleagent.com,,
31800,https://www.herinteractive.com/shop-games/nancy-drew-danger-by-design/,https://www.herinteractive.com/support/contact-support/,techsupport@herinteractive.com
31810,https://www.herinteractive.com/shop-games/nancy-drew-last-train-to-blue-moon-canyon/,https://www.herinteractive.com/support/contact-support/,techsupport@herinteractive.com
31820,https://www.herinteractive.com/shop-games/nancy-drew-the-haunted-carousel/,https://www.herinteractive.com/support/contact-support/,techsupport@herinteractive.com
31830,https://www.herinteractive.com/shop-games/nancy-drew-curse-of-blackmoor-manor/,https://www.herinteractive.com/support/contact-support/,techsupport@herinteractive.com
31840,https://www.herinteractive.com/shop-games/nancy-drew-danger-on-deception-island/,https://www.herinteractive.com/support/contact-support/,techsupport@herinteractive.com
31850,https://www.herinteractive.com/shop-games/nancy-drew-ghost-dogs-of-moon-lake/,https://www.herinteractive.com/support/contact-support/,techsupport@herinteractive.com
31860,https://www.herinteractive.com/shop-games/nancy-drew-legend-of-the-crystal-skull/,https://www.herinteractive.com/support/contact-support/,techsupport@herinteractive.com
31870,https://www.herinteractive.com/shop-games/nancy-drew-dossier-lights-camera-curses/,https://www.herinteractive.com/support/contact-support/,techsupport@herinteractive.com
31880,https://www.herinteractive.com/shop-games/nancy-drew-secret-of-the-old-clock/,https://www.herinteractive.com/support/contact-support/,techsupport@herinteractive.com
31890,https://www.herinteractive.com/shop-games/nancy-drew-secret-of-the-scarlet-hand/,https://www.herinteractive.com/support/contact-support/,techsupport@herinteractive.com
31900,https://www.herinteractive.com/shop-games/nancy-drew-the-creature-of-kapu-cave/,https://www.herinteractive.com/support/contact-support/,techsupport@herinteractive.com
31910,https://www.herinteractive.com/shop-games/nancy-drew-the-haunting-of-castle-malloy/,https://www.herinteractive.com/support/contact-support/,techsupport@herinteractive.com
31920,https://www.herinteractive.com/shop-games/nancy-drew-the-phantom-of-venice/,https://www.herinteractive.com/support/contact-support/,techsupport@herinteractive.com
31930,https://www.herinteractive.com/shop-games/nancy-drew-the-white-wolf-of-icicle-creek/,https://www.herinteractive.com/support/contact-support/,techsupport@herinteractive.com
31980,https://www.herinteractive.com/shop-games/nancy-drew-ransom-of-the-seven-ships/,https://www.herinteractive.com/support/contact-support/,techsupport@herinteractive.com
32000,http://www.thinkingstudios.com,,
32140,,,support@mumbojumbo.com
32150,http://www.squarelogicgame.com,,
32160,http://mumbojumbo.com/games/Zombie_Bowl-O-Rama,,
32200,http://www.metaldrift.com,,
32310,http://www.lucasarts.com/,,
32330,http://www.legoindianajonesgame.com,https://help.disney.com/en_US/Games/steam,
32340,http://www.lucasarts.com/,https://appsupport.disney.com/hc/en-us/articles/360000781043-About-Loom,
32350,http://www.lucasarts.com,http://help.starwars.com/,
32360,http://www.monkeyislandspecialedition.com,https://help.disney.com/en_US/Games/steam,
32370,,http://yodashelpdesk.lucasarts.com/,
32380,http://www.lucasarts.com,http://help.disney.com/en_US/Star-Wars/Steam,
32390,http://www.lucasarts.com,http://help.disney.com/en_US/Star-Wars/Steam,
32400,http://www.lucasarts.com,http://help.starwars.com/,
32410,http://www.lucasartsworkshop.com/,https://help.disney.com/en_US/Games/steam,
32420,http://www.JoinTheCloneWars.com,http://help.disney.com/en_US/Star-Wars/Steam,
32430,http://www.theforceunleashed.com,http://help.disney.com/en_US/Star-Wars/Steam,
32440,http://www.LegoStarWarsSaga.com,https://help.disney.com/en_US/Games/steam,
32450,http://www.legoindygame.com,https://help.disney.com/en_US/Games/steam,
32460,http://lol.disney.com/monkey-island-2-special-edition-lechuck-s-revenge,https://help.disney.com/en_US/Games/steam,
32470,http://www.swempireatwar.com,http://www.lucasarts.com/support/,
32500,http://www.theforceunleashed.com,http://help.disney.com/en_US/Star-Wars/Steam,
32510,http://legostarwars.com,https://help.disney.com/en_US/Games/steam,
32610,http://www.novalogic.com/,,support@quanticlab.com
32620,,,support@quanticlab.com
32630,http://www.novalogic.com/games.asp?GameKey=DF2,,support@quanticlab.com
32640,http://www.novalogic.com/games.asp?GameKey=DFLW,,support@quanticlab.com
32650,http://www.novalogic.com/games.asp?GameKey=DFTFD,,support@quanticlab.com
32660,http://www.novalogic.com/games.asp?GameKey=DFX,,support@quanticlab.com
32670,http://www.novalogic.com/games.asp?GameKey=DFBHD,,support@quanticlab.com
32680,http://www.novalogic.com/games.asp?GameKey=DFBHDTS,,support@quanticlab.com
32710,http://www.novalogic.com/games.asp?GameKey=AF3#,,
32720,http://www.novalogic.com/games.asp?GameKey=F16MRF,,
32730,http://www.novalogic.com/games.asp?GameKey=F22L3,,
32740,http://www.novalogic.com/games.asp?GameKey=MIG29F,,
32750,http://www.novalogic.com/games.asp?GameKey=C4,,
32760,http://www.novalogic.com/games.asp?GameKey=TTF,,
32770,http://www.novaworld.com,,
32900,http://www.enlight.com/re2,www.enlight.com/re2,info@enlight.com
33100,http://www.sigma-team.net/games/action/alien-shooter.html,,support@sigma-team.net
33110,http://www.sigma-team.net/games/action/alien-shooter-revisited.html,,support@sigma-team.net
33120,http://www.sigma-team.net/games/special-offers/alien-sooter-gold-pack.html,,support@sigma-team.net
33130,http://www.sigma-team.net/games/action/zombie-shooter.html,,support@sigma-team.net
33180,http://www.sigma-team.net/games/action/zombie-shooter-2.html,,support@sigma-team.net
33230,http://www.assassinscreed.com,http://support.ubi.com,
33320,http://www.princeofpersiagame.com,https://support.ubi.com/,
33390,http://www.facebook.com/zeit2,,
33460,http://www.fromdustgame.com,https://support.ubi.com/en-US/index.aspx,
33520,http://www.kalypsomedia.com/,,
33600,https://revolution.co.uk/games/the-smoking-mirror/,https://revolution.co.uk/support/,support@revolution.co.uk
33610,https://revolution.co.uk/games/the-sleeping-dragon/,https://revolution.co.uk/support/,support@revolution.co.uk
33620,http://www.crashtime-game.com,,
33660,http://www.ziroworld.com,,
33670,http://www.disciples3.com,,
33680,http://zarat.us/tra/offline-games/eversion.html,,
33770,http://www.drakensang.com/news.php?lang=en,,
33790,http://www.valusoft.com,,
33900,http://www.arma2.com,,support@bistudio.com
33930,http://www.arma2.com,http://faq.bistudio.com/arma-2-operation-arrowhead,support@bistudio.com
33950,http://www.fish-fillets.com,http://www.bistudio.com/support,support@bohemia.net
33980,http://www.centauriproduction.com,,support@bohemia.net
33990,http://www.centauriproduction.com,,support@bohemia.net
34010,http://www.alphaprotocol.com,https://support.sega.co.uk,
34030,http://store.steampowered.com/app/901162/,https://support.sega.co.uk,
34190,http://www.sega.com/sonicracing/,https://support.sega.co.uk,
34410,http://www.aspyr.com/product/info/114,,
34500,http://www.saintxi.com,http://www.saintxi.com,
34600,http://www.orderofwar.com,,
34630,http://www.massiveassault.com,,
34800,http://www.chroniclesofmysterygame.com/,,
34810,,http://www.cigames.com/en/Support,
34820,http://city-interactive.com/indexf.php?page=battle_of_britain,,
34830,http://www.sniperghostwarrior.com,http://www.cigames.com/en/Support,
34870,http://sniperghostwarrior2.com,,support@cigames.com
34900,http://www.invent4.com/rats,http://strategyfirst.com/products/support.html,
34920,http://www.invent4.com/razor2,,sup@invent4.com
35000,http://www.minininjas.com,,
35070,http://www.honeyslug.com/games/floras-fruit-farm/,,
35130,http://www.Laracroftandtheguardianoflight.com,http://support.eu.square-enix.com/main.php?la=2&amp;id=2202,
35140,http://rocksteadyltd.com/#arkham-asylum,https://community.wbgames.com/t5/Arkham-Legacy-Asylum-City/bd-p/Legacy,WBGames.Intsupport@warnerbros.com
35300,http://www.gfi.su/index1.php?langid=2&idt=99&categ_id=39&men_id=11,,
35310,http://www.gfi.su/index1.php?langid=2&amp;idt=1007&amp;categ_id=&amp;menu_id=&amp;page=Past_action,,
35320,http://russobit-m.ru/eng/insane2,,info@russobit-m.ru
35450,http://www.heroesofstalingrad.com/,http://support.tripwireinteractive.com/,
35460,http://www.theballthegame.com,,support@teotlstudios.com
35480,http://www.dwarfs-game.com/,http://forums.tripwireinteractive.com/,
35600,http://www.bigbrainwolf.com,,bigbrainwolfsupport@frimastudio.com
35700,http://www.trine-thegame.com/,,support@frozenbyte.com
35720,http://www.trine2.com/,,support@frozenbyte.com
35800,http://www.shrapnelgames.com/Digital_Eel/BP/BP_page.html,,
36000,http://sakari-indie.com/foreign_legion/,,
36300,http://www.sandlotgames.com/w5/cake_mania_main_street.html,,
36310,http://www.sandlotgames.com/w5/westward_iv.html,,
36320,http://www.sandlotgames.com/w5/iron_roses.html,,
36900,http://allaspectwarfare.com/?page_id=179,http://www.3000ad.com/support/,support@3000ad.com
36910,http://www.allaspectwarfare.com,http://www.3000ad.com/support/,support@3000ad.com
37000,http://ice-pick.com,,support@ice-pick.com
37010,http://www.ninja-blade.com/,,
37030,http://ufo.ufo-extraterrestrials.com/ ,,
37100,http://aztaka.citeremis.com/,,
37210,http://www.playfirst.com/game/chocolatier-decadence-design,http://www.bigsplashgames.com/about.php,
37220,http://www.playfirst.com/game/cookingdash,https://glumobile.helpshift.com/a/cooking-dash/?p=web,
37230,http://www.playfirst.com/game/diaper-dash,,
37240,http://www.playfirst.com/game/dinerdashhometownhero,,
37260,http://www.playfirst.com/game/emerald-city-confidential,,
37270,http://www.playfirst.com/game/wandering-willows,,
37280,http://www.playfirst.com/game/weddingdash2,,
37290,http://www.playfirst.com/game/zenerchi,,
37300,http://www.playfirst.com/game/dinertown-tycoon,,
37400,http://www.sizefivegames.com,,
37500,http://www.yullaby.com,,
37600,http://www.windosill.com,,
37700,http://www.darkestofdays.com/,,
37800,http://www.quantzgame.com,,
37960,http://www.iwin.com,,
38000,http://www.iwin.com,,
38070,http://www.iwin.com/games/coconut-queen,,
38080,http://www.iwin.com/games/build-a-lot,,
38090,http://www.iwin.com/games/build-a-lot-2,,
38100,http://www.iwin.com/games/build-a-lot-3,,
38110,http://www.iwin.com/games/build-a-lot-4,,
38120,http://www.iwin.com/games/farm-frenzy,,
38130,http://www.iwin.com/games/farm-frenzy-2,,
38140,http://www.iwin.com/games/farm-frenzy-pizza-party,,
38150,http://www.iwin.com/games/farm-frenzy-3,,
38160,http://www.iwin.com/games/farm-frenzy-3-american-pie,,
38170,http://www.iwin.com/games/cradle-of-rome,,
38180,http://www.iwin.com/games/cradle-of-persia,,
38190,http://www.iwin.com/games/romance-of-rome,,
38210,http://www.southpeakgames.com/game/Roogoo/,,
38230,,,support@toplitz-productions.com
38400,,http://bethsoft.com/en-us/contact,
38410,,http://bethsoft.com/en-us/contact,
38420,,http://bethsoft.com/en-us/contact,
38430,,http://www.interplay.com/support/support.php?id=42,
38600,http://www.subsoap.com/,,support@subsoap.com
38700,http://www.tokitori.com,http://www.twotribes.com/support,
38720,http://www.twotribes.com/rush,http://www.twotribes.com/support/,n/a
38740,http://2trib.es/edge,http://www.twotribes.com/support/,n/a
39000,http://www.nasa.gov/moonbasealpha,,
39110,http://na.square-enix.com/seasonofmystery/,http://support.na.square-enix.com/index.php,
39120,http://www.riftgame.com/?affiliateId=251,https://support.trionworlds.com,
39140,http://www.finalfantasyviipc.com,http://support.eu.square-enix.com/,
39150,http://www.ffviiipc.com/,http://support.eu.square-enix.com/main.php?la=2&amp;id=1270,
39210,http://www.finalfantasyxiv.com/,http://support.na.square-enix.com/main.php?id=5382&amp;la=1,
39500,http://www.gothic3.com/,,support@quanticlab.com
39510,http://www.piranha-bytes.com/gothic2,,support@quanticlab.com
39520,,,support@quanticlab.com
39540,http://www.spellforce.com,,support@quanticlab.com
39560,http://www.painkiller-resurrection.com,,support@quanticlab.com
39630,,,support@quanticlab.com
39640,,,support@quanticlab.com
39650,http://www.the-guild.com/,,support@quanticlab.com
39660,http://www.the-guild.com/,,support@quanticlab.com
39670,,http://www.nordicgames.at/index.php/contact,
39680,http://www.the-guild.com/,,support@quanticlab.com
39690,http://www.arcania-game.com,,support@quanticlab.com
39800,http://www.nation-red.com,http://www.nation-red.com,support@nation-red.com
39900,http://www.zooptek.net,,
40100,http://www.supremecommander.com/,http://support.eu.square-enix.com/main.php?la=2&amp;id=1261,
40200,http://sabigames.com/kids-games/itzabitza/,,
40210,http://SabiGames.com,,
40300,http://risen.deepsilver.com,helpcenter.deepsilver.com,
40320,http://www.rushforberlin.com/,,
40330,http://secretfiles.deepsilver.com,,
40340,http://secretfiles.deepsilver.com,,
40350,http://lost-horizon.deepsilver.com/,,
40380,http://naild.deepsilver.com,,techsupport@deepsilver.com
40390,http://www.risen2.com,helpcenter.deepsilver.com,
40400,http://arcengames.com/ai-war/,"http://www.arcengames.com/forums/index.php/board,3.0.html",
40420,http://arcengames.com/tidalis/,http://www.arcengames.com/forums/index.php?board=78.0,
40500,http://www.sacraboar.com ,,
40700,http://amanita-design.net/games/machinarium.html,http://amanita-design.net/contact.html,support@amanita-design.net
40720,http://amanita-design.net/games/samorost-2.html,http://amanita-design.net/contact.html,support@amanita-design.net
40930,http://www.winterbottomgame.com/,,
40950,http://www.strongholdhd.com,http://support.fireflyworlds.com,support@fireflyworlds.com
40970,http://www.strongholdcrusaderhd.com,http://support.fireflyworlds.com,support@fireflyworlds.com
40980,http://www.fireflyworlds.com/games/legends/,http://support.fireflyworlds.com,support@fireflyworlds.com
40990,,support.2k.com,
41000,http://www.croteam.com,,support@croteam.com
41070,http://www.croteam.com,,support@croteam.com
41100,http://www.koshutin.com,,
41300,http://altitudegame.com/,,
41400,http://www.dreamforgegames.com/,,
41500,http://www.torchlightgame.com,,
41660,http://www.oasisgames.com,,
41680,http://interplay.com/games/discovery.php,http://deathandthefly.blog.com/,
41700,http://cop.stalker-game.com/,http://cop.stalker-game.com/?page=support,support@gsc-game.com
41740,,,support@ice-pick.com
41800,http://www.gratuitousspacebattles.com,http://www.positech.co.uk/gratuitousspacebattles/support.html,
41900,http://www.inxile-entertainment.com/,https://inxile.zendesk.com/hc/en-us,support@inxile.net
42120,http://www.leadandgold.com,,
42140,http://hamilton.fatshark.se/,,support@fatshark.se
42170,http://www.kratergame.com/,http://forums.fatshark.se/,krater@support.fatshark.se
42210,http://www.herinteractive.com/Mystery_Games/Nancy_Drew/Secrets_Can_Kill_Remastered/pc,https://www.herinteractive.com/support/contact-support/,techsupport@herinteractive.com
42220,https://www.herinteractive.com/shop-games/nancy-drew-the-captive-curse/,https://www.herinteractive.com/support/contact-support/,techsupport@herinteractive.com
42230,https://www.herinteractive.com/shop-games/nancy-drew-trail-of-the-twister/,https://www.herinteractive.com/support/contact-support/,techsupport@herinteractive.com
42500,http://www.dogfighter-game.com,,support@instinctengine.com
42670,http://www.singularity-game.com,,
42700,http://www.callofduty.com,http://support.activision.com/,
42890,http://www.swordofthestars.com/,,
42910,http://www.magickagame.com/,https://paradox.zendesk.com/home,support@paradoxplaza.com
42920,http://www.thekingscrusade.com/,,
42930,http://www.1cpublishing.eu/game/elven-legacy/overview,,support@1cpublishing.eu
42940,http://www.1cpublishing.eu/game/elven-legacy/overview,,support@1cpublishing.eu
42950,http://www.1cpublishing.eu/game/elven-legacy/overview,,support@1cpublishing.eu
42960,http://www.victoria2.com/,www.paradoxplaza.com/support,https://www.paradoxplaza.com/support
42980,http://www.paradoxplaza.com/,,
42990,http://www.swordofthestars.com,http://www.kerberos-productions.com/forum/viewforum.php?f=52,support@kerberos-productions.com
43000,http://www.frontmissionevolved.com,http://support.eu.square-enix.com/main.php?la=2&amp;id=1326,
43100,,https://handy-games.com/contact/,support@handy-games.com
43190,http://www.hells-reach.com/,http://www.hells-reach.com,haunted@syaweb.com
43500,http://www.mud-tv.com/,,support@kalypsomedia.com
43600,https://www.herinteractive.com/shop-games/nancy-drew-warnings-at-waverly-academy/,https://www.herinteractive.com/support/contact-support/,techsupport@herinteractive.com
44100,http://www.newstargames.com/slr.html,,
44350,http://www.gridgame.com/,,"UK, US: custservice@codemasters.com; FR: serviceclientele@codemasters.com; DE: kundendienst@codemasters.com; NE: klantenservice@codemasters.nl; ES: es.support@namcobandaipartners.com; IT: it.support@namcobandaipartners.com; PO: pomoc@cdprojekt.com"
44360,http://www.formula1-game.com,www.codemasters.com,custservices@codemasters.com
44600,http://www.raceroom.net/games/gtr-fia-gt-racing-game/,,support@simbin.com
44680,http://www.raceroom.net/games/race-injection/,,support@simbin.com
44690,http://www.simbin.com/games/gt-legends/,http://www.simbin.com/support/,
45000,http://www.solsurvivorgame.com,,
45100,https://www.facebook.com/SotMCGame,https://www.facebook.com/SotMCGame,support@artery-studios.com
45300,http://www.airwargame.com,https://support.gaijinent.com/home,
45400,http://www.fortix-game.com,,
45410,,,info@nemesys.hu
45420,,http://www.nemesys.hu/,info@nemesys.hu
45450,http://www.fortix2.com/,,
45700,,http://www.capcom.co.jp/support/contact/,
45710,http://www.darkvoidgame.com,http://www.capcom.co.jp/support/contact/,
45720,http://www.lostplanet-thegame.com/,,
45730,http://www.darkvoidzero.com/,http://www.capcom.co.jp/support/contact/,
45740,http://www.deadrising-2.com/,http://www.capcom.co.jp/support/contact/,
45750,http://www.lostplanetcommunity.com/,http://www.capcom.co.jp/support/contact/,
45760,http://www.streetfighter.com,http://www.capcom.co.jp/support/contact/,
45770,http://www.facebook.com/deadrising,http://www.capcom.co.jp/support/contact/,
46000,http://www.ludosity.com/games/bob,,
46200,http://www.1cpublishing.eu/game/a-i-m-racing,,support@1cpublishing.eu
46250,http://www.1cpublishing.eu/game/necrovision-lost-company,http://www.1cpublishing.eu/support,support@1cpublishing.eu
46260,http://www.1cpublishing.eu/game/star-wolves-3-civil-war/overview,,
46270,http://www.1cpublishing.eu/game/star-wolves/overview,,
46280,http://www.1cpublishing.eu/game/star-wolves-2/overview,,
46290,http://www.1cpublishing.eu/game/theatre-of-war/overview,http://www.1cpublishing.eu/support,support@1cpublishing.eu
46340,,,support@1cpublishing.eu
46350,http://www.real-warfare.com/,,support@1cpublishing.eu
46360,,,support@1cpublishing.eu
46370,http://www.rignroll.com/,,
46380,http://www.conflictofnations.com/,,support@1cpublishing.eu
46400,,,support@headupgames.com
46410,http://www.avencast.com,,
46440,http://www.futurewarsgame.com,,
46450,http://www.grotesque-game.com/,,support@headupgames.com
46480,,,support@microids.com
46490,,,support@microids.com
46500,,,support@microids.com
46510,,,support@microids.com
46520,http://www.wastelandangel.com,,support@meridian4.com
46540,http://www.trappeddead.com/,,support@headupgames.com
46550,,,support@microids.com
46570,,,support@headupgames.com
46600,http://www.swarmarena.com,,
46700,http://www.totemgames.ru/,,
46710,http://www.totemgames.ru/,,
46720,http://dimensity.dagger-games.com/index.php,,
46730,http://hazen.daggergames.com/,,
46740,http://www.wbmgame.com/,,info@wbmgame.com
46750,http://www.darkfallgames.co.uk/,,
46760,http://www.totemgames.ru/,,http://strategyfirst.com/products/support.html
46770,http://factusgames.com,,techsupport@factusgames.com
46790,http://www.ntronium.com/Armada2526%20Home.html,,
46830,http://www.totemgames.ru/,http://strategyfirst.com/products/support.html,
46840,http://www.totemgames.ru/,http://strategyfirst.com/products/support.html,
46850,http://www.dustdevilstudios.com/games.html,,ewall@strategyfirst.com
47120,http://www.iwin.com/games/escape-from-paradise-2,,
47130,http://www.iwin.com/games/book-of-legends,,
47400,http://www.fireflyworlds.com,http://support.fireflyworlds.com,
47410,http://www.strongholdkingdoms.com,http://support.strongholdkingdoms.com,support@strongholdkingdoms.com
47700,http://www.commandandconquer.com,,
47730,http://dragonage.bioware.com/awakening/,,
47780,http://deadspace.ea.com/,https://help.ea.com/en/dead-space/dead-space-2/,
47790,http://www.medalofhonor.com/,https://help.ea.com/,
47800,http://www.ea.com/games/risk-factions,,
47810,http://dragonage.bioware.com/dao/,,
47870,http://www.needforspeed.com,http://help.ea.com/en/contact-us/new/,
47890,http://www.thesims3.com/,https://help.ea.com/en/the-sims/the-sims-3/,
47920,http://www.needforspeed.com,,
48000,http://playdead.com/limbo,http://playdead.com/limbo/f-a-q/,support@playdead.com
48110,http://silent-hunter.us.ubi.com/silent-hunter-5/,,
48150,http://voodoodice.us.ubi.com/,,
48190,http://www.assassinscreed.com,http://support.ubi.com,
48240,http://anno.ubi.com,http://www.ubi.com/us/support/,
48700,http://www.taleworlds.com/en/Games/Warband,,
48720,http://www.taleworlds.com/en/Games/FireAndSword,,
48800,http://www.shipsim.com/,,support@paradoxplaza.com
48950,http://www.greedcorp.com,,
49300,http://www.cota-game.com/,http://nitrogames.com/,support@nitrogames.com
49320,http://www.paradoxplaza.com/games/commander-conquest-of-the-americas,,
49470,http://www.wizards.com/magic/digital/duelsoftheplaneswalkers.aspx,,
49520,http://www.borderlands2.com/,http://support.2k.com,
49600,http://www.coldbeamgames.com,http://www.coldbeamgames.com/contact.html,steve@coldbeamgames.com
49800,http://musegames.com/games/flight-of-the-icarus/,http://musegames.com,feedback@musegames.com
49810,http://musegames.com/games/creavures,,
49900,http://www.beatnikgames.com/project/plain-sight/,,
50130,http://www.mafia2game.com,http://support.2k.com/,
50300,http://www.specopstheline.com/,,
50510,http://www.p2games.co.uk/burn-zombie-burn,,
50910,http://www.bigfishgames.com/download-games/1706/professor-fizzwizzle-and-the-molten-mystery/index.html,,
50920,http://www.bigfishgames.com/download-games/3483/hidden-expedition-amazon-game/index.html,,
50930,http://www.bigfishgames.com/download-games/1658/hidden-expedition-everest/index.html,,
50940,http://www.bigfishgames.com/download-games/1073/hidden-expedition-titanic/index.html,,
50960,http://www.bigfishgames.com/download-games/726/mystery-case-files-huntsville/index.html,,
50970,http://www.bigfishgames.com/download-games/2230/mystery-case-files-madame-fate/index.html,,
50980,http://www.bigfishgames.com/download-games/918/mystery-case-files-prime-suspects/index.html,,
50990,http://www.bigfishgames.com/download-games/1305/mystery-case-files-ravenhearst/index.html,,
51000,http://www.bigfishgames.com/download-games/4294/mystery-case-files-return-to-ravenhearst/index.html,,
51010,http://www.bigfishgames.com/download-games/4460/my-tribe/index.html,https://bigfishgames.custhelp.com/app/ask,info@bigfishgames.com
51020,http://www.bigfishgames.com/download-games/4677/unwell-mel/index.html,,
51030,http://www.bigfishgames.com/download-games/1121/atlantisskypatrol/index.html,,
51060,http://www.bigfishgames.com/,https://bigfishgames.custhelp.com/app/ask/session/,info@bigfishgames.com
55000,http://www.blendogames.com/flotilla,,
55040,http://www.blendogames.com/atomzombiesmasher/,,
55100,,http://www.deepsilver.com/us/support/,techsupport@deepsilver.com
55110,http://www.redfaction.com/,,support@quanticlab.com
55140,http://www.mxvsatv.com,,support@quanticlab.com
55150,http://www.spacemarine.com/,https://support.sega.co.uk,
55230,http://www.saintsrow.com/,helpcenter.deepsilver.com,
57000,http://www.nyxquest.com,,support@overthetopgames.com
57200,http://www.puzzledimension.com,,support@puzzledimension.com
57300,http://www.amnesiagame.com,http://support.frictionalgames.com/,
57620,http://www.kalypsomedia.com/,,
57640,https://revolution.co.uk/games/the-shadow-of-the-templars/,https://revolution.co.uk/support/,support@revolution.co.uk
57650,http://www.dungeons-game.com/,,
57680,,http://www.thefirsttemplar-game.com/en/support.php,
57690,http://www.worldoftropico.com/,http://www.kalypsomedia.com/,support@kalypsomedia.com
57700,http://www.whosthatflying.com,,
57740,http://www.jaggedalliance.com,,support@quanticlab.com
57800,http://www.docclockgame.com,http://docclockgame.com/support.php,support@docclockgame.com
57900,http://www.dukenukemforever.com,http://support.2k.com/home,
58200,http://www.brawsome.com.au/JollyRover/,,
58230,http://www.macguffinscurse.com,http://www.macguffinscurse.com,contact@brawsome.com.au
58400,http://www.binarytakeover.com/,,
58520,http://www.bloodbowl-game.com,http://www.focus-home.com/index.php?rub=support,
58550,http://www.agot-genesis.com/,,
58560,http://www.runaway-thegame.com,,
58570,http://www.thenextbig-game.com/,,support@focus-home.com
58610,http://wargame-ee.com/,http://www.wargame-ee.com/forum/viewforum.php?f=113,
60340,http://mumbojumbo.com/games/LUXOR_5th_Passage,,
60350,http://www.mumbojumbo.com/games/Glowfish,,
60600,http://www.sourcestudio.ca/games.php,,
60700,http://pod.4sdk.com,,
60800,http://games.cinemax.cz/numen/,,
61100,http://www.lucidpuzzle.com/,,yeaboing@gmail.com
61310,http://www.cipherprime.com,,
61500,http://www.triumphstudios.com/ageofwonders/,,
61510,http://www.triumphstudios.com/ageofwonders/,,
61520,http://www.triumphstudios.com/ageofwonders/,,
61600,http://www.zenbound.com,,
61700,http://mightandmagic.uk.ubi.com/clashofheroes/,https://support.ubi.com/,
61730,www.crittercrunch.com,www.capybaragames.com,Support@capybaragames.com
62000,http://www.firemint.com/fchdsteam,,
62100,http://www.chimegame.com/,,
63000,http://www.hoardgame.com/,,
63110,http://www.bit-composer.com/www_en/game.aspx?gameid=67862d37-f424-48d4-aa0d-6b13879e34a4,mail@viva-media.com,
63200,http://www.mondaynightcombat.com/,,
63500,http://www.swordsandsoldiers.com,,
63610,https://cyan.com/games/,http://support.cyan.com,support@cyan.com
63650,https://cyan.com/games/,http://support.cyan.com,support@cyan.com
63660,https://cyan.com/games/,http://support.cyan.com/,support@cyan.com
63700,http://totallychoice.com/games/bittrip-beat,,
63710,http://totallychoice.com/games/bittrip-runner,,
63800,http://www.delve-deeper.com/,,
63900,http://fantasywars.1cpublishing.eu/,,
63910,http://www.kingsbountygame.com,www.1cpublishing.eu,support@1cpublishing.eu
63940,http://www.menofwargame.com/,,
63960,http://www.tow-game.com/,,
64000,http://www.menofwargame.com/assault/,,
65070,http://www.libredia.com/component/k2/item/122-ride-em-low,,support@libredia.com
65080,http://www.libredia.com/component/k2/item/116-kaptain-brawe-a-brawe-new-world,,support@libredia.com
65270,http://www.demolitioncompany-thegame.com,,
65400,www.archonclassic.com,,
65500,http://www.auragame.com,,
65530,http://www.spellforce.com,,support@quanticlab.com
65540,http://www.piranha-bytes.com/gothic1,http://www.piranha-bytes.com/gothic1/,support@quanticlab.com
65560,,,support@quanticlab.com
65600,,,support@quanticlab.com
65610,http://www.arcania-game.com/addon1,,support@quanticlab.com
65710,http://www.patmat-game.com/en/,,support@bohemia.net
65730,http://www.takeonthegame.com,,support@bohemia.net
65740,http://www.carriercommand.com,,support@bohemia.net
65780,https://www.bohemia.net/games/arma-queens-gambit,,support@bohemia.net
65790,https://www.bohemia.net/games/arma-cold-war-assault/,,support@bohemia.net
65800,http://dungeondefenders.com/,https://chromatic.zendesk.com,https://chromatic.zendesk.com
65930,http://thebureau-game.com,http://support.2k.com,
